{"cameraMode":{"drawMode":0,"name":"Shaded","section":"Shading Mode"},"sceneLighting":true,"audioPlay":false,"sceneViewState":{"m_AlwaysRefresh":false,"showFog":true,"showSkybox":true,"showFlares":true,"showImageEffects":true,"showParticleSystems":true,"showVisualEffectGraphs":true,"m_FxEnabled":true},"in2DMode":false,"pivot":{"x":-0.2882387042045593,"y":2.9368956089019777,"z":-0.7659900188446045},"rotation":{"x":0.3993177115917206,"y":-0.03240278363227844,"z":0.014172867871820927,"w":0.9162436127662659},"size":8.630880355834961,"orthographic":false}