{"cameraMode":{"drawMode":0,"name":"Shaded","section":"Shading Mode"},"sceneLighting":true,"audioPlay":false,"sceneViewState":{"m_AlwaysRefresh":false,"showFog":true,"showSkybox":true,"showFlares":true,"showImageEffects":true,"showParticleSystems":true,"showVisualEffectGraphs":true,"m_FxEnabled":true},"in2DMode":false,"pivot":{"x":0.007262830622494221,"y":2.6296818256378176,"z":-1.0347514152526856},"rotation":{"x":0.15538457036018372,"y":0.0035927877761423589,"z":-0.0005196509882807732,"w":0.9879521727561951},"size":6.6276164054870609,"orthographic":false}