{"cameraMode":{"drawMode":0,"name":"Shaded","section":"Shading Mode"},"sceneLighting":false,"audioPlay":false,"sceneViewState":{"m_AlwaysRefresh":false,"showFog":true,"showSkybox":false,"showFlares":true,"showImageEffects":true,"showParticleSystems":true,"showVisualEffectGraphs":true,"m_FxEnabled":true},"in2DMode":false,"pivot":{"x":-0.46748998761177065,"y":2.422480344772339,"z":-2.503527879714966},"rotation":{"x":0.3993177115917206,"y":-0.03240278363227844,"z":0.014172867871820927,"w":0.9162436127662659},"size":0.9920857548713684,"orthographic":false}