{"cameraMode":{"drawMode":0,"name":"Shaded","section":"Shading Mode"},"sceneLighting":false,"audioPlay":false,"sceneViewState":{"m_AlwaysRefresh":false,"showFog":true,"showSkybox":false,"showFlares":true,"showImageEffects":true,"showParticleSystems":true,"showVisualEffectGraphs":true,"m_FxEnabled":true},"in2DMode":false,"pivot":{"x":0.6147584915161133,"y":1.4200000762939454,"z":3.3000001907348635},"rotation":{"x":0.2310529202222824,"y":-0.4204035699367523,"z":0.11161187291145325,"w":0.8703018426895142},"size":12.12435531616211,"orthographic":true}