{"cameraMode":{"drawMode":0,"name":"Shaded","section":"Shading Mode"},"sceneLighting":true,"audioPlay":false,"sceneViewState":{"showFog":true,"showMaterialUpdate":false,"showSkybox":false,"showFlares":true,"showImageEffects":true,"showParticleSystems":true},"in2DMode":false,"pivot":{"x":-5.498805522918701,"y":0.28329014778137209,"z":0.4933755397796631},"rotation":{"x":-0.2692532241344452,"y":-0.3603228032588959,"z":0.10944464802742005,"w":-0.8864096403121948},"size":6.126577377319336,"orthographic":false}