{"cameraMode":{"drawMode":0,"name":"Shaded","section":"Shading Mode"},"sceneLighting":false,"audioPlay":false,"sceneViewState":{"showFog":true,"showMaterialUpdate":false,"showSkybox":false,"showFlares":true,"showImageEffects":true,"showParticleSystems":true},"in2DMode":false,"pivot":{"x":14.300000190734864,"y":0.8100000619888306,"z":2.0},"rotation":{"x":-0.30162832140922549,"y":-0.31032299995422366,"z":0.10452239215373993,"w":-0.8954755067825317},"size":4.915569305419922,"orthographic":false}