{"cameraMode":{"drawMode":0,"name":"Shaded","section":"Shading Mode"},"sceneLighting":false,"audioPlay":false,"sceneViewState":{"showFog":true,"showMaterialUpdate":false,"showSkybox":false,"showFlares":true,"showImageEffects":true,"showParticleSystems":true},"in2DMode":false,"pivot":{"x":3.7607247829437258,"y":-13.548717498779297,"z":7.622316360473633},"rotation":{"x":0.5159314870834351,"y":-0.00928124412894249,"z":0.005552378483116627,"w":0.856617271900177},"size":46.98582077026367,"orthographic":false}