{"cameraMode":{"drawMode":0,"name":"Shaded","section":"Shading Mode"},"sceneLighting":false,"audioPlay":false,"sceneViewState":{"showFog":true,"showMaterialUpdate":false,"showSkybox":false,"showFlares":true,"showImageEffects":true,"showParticleSystems":true},"in2DMode":false,"pivot":{"x":12.693265914916993,"y":0.7400000095367432,"z":-0.5492062568664551},"rotation":{"x":0.12404230982065201,"y":-0.8324385285377502,"z":0.2068716436624527,"w":0.498956561088562},"size":4.1725239753723148,"orthographic":false}