{"cameraMode":{"drawMode":0,"name":"Shaded","section":"Shading Mode"},"sceneLighting":false,"audioPlay":false,"sceneViewState":{"showFog":true,"showMaterialUpdate":false,"showSkybox":false,"showFlares":true,"showImageEffects":true,"showParticleSystems":true},"in2DMode":false,"pivot":{"x":-1.4339146614074708,"y":2.0866007804870607,"z":-0.5295219421386719},"rotation":{"x":-0.25187504291534426,"y":0.2195020616054535,"z":-0.05875500291585922,"w":-0.9407448172569275},"size":23.4787654876709,"orthographic":false}