{"cameraMode":{"drawMode":0,"name":"Shaded","section":"Shading Mode"},"sceneLighting":false,"audioPlay":false,"sceneViewState":{"showFog":true,"showMaterialUpdate":false,"showSkybox":false,"showFlares":true,"showImageEffects":true,"showParticleSystems":true},"in2DMode":false,"pivot":{"x":-0.293811559677124,"y":2.1827211380004885,"z":-2.6254005432128908},"rotation":{"x":-0.0590967983007431,"y":0.9280049800872803,"z":-0.16743074357509614,"w":-0.32754501700401308},"size":2.280714988708496,"orthographic":false}