{"cameraMode":{"drawMode":0,"name":"Shaded","section":"Shading Mode"},"sceneLighting":false,"audioPlay":false,"sceneViewState":{"showFog":true,"showMaterialUpdate":false,"showSkybox":false,"showFlares":true,"showImageEffects":true,"showParticleSystems":true},"in2DMode":false,"pivot":{"x":-0.5995153784751892,"y":-3.9942190647125246,"z":1.1673369407653809},"rotation":{"x":-0.48763182759284975,"y":-0.09056494385004044,"z":0.05093982815742493,"w":-0.8668831586837769},"size":29.604787826538087,"orthographic":false}