{"cameraMode":{"drawMode":0,"name":"Shaded","section":"Shading Mode"},"sceneLighting":false,"audioPlay":false,"sceneViewState":{"showFog":true,"showMaterialUpdate":false,"showSkybox":false,"showFlares":true,"showImageEffects":true,"showParticleSystems":true},"in2DMode":false,"pivot":{"x":-0.47524166107177737,"y":1.899999976158142,"z":-2.569999933242798},"rotation":{"x":0.393491268157959,"y":-0.26544538140296938,"z":0.11978532373905182,"w":0.8719928860664368},"size":1.67063307762146,"orthographic":false}