{"cameraMode":{"drawMode":0,"name":"Shaded","section":"Shading Mode"},"sceneLighting":false,"audioPlay":false,"sceneViewState":{"showFog":true,"showMaterialUpdate":false,"showSkybox":true,"showFlares":true,"showImageEffects":true,"showParticleSystems":true},"in2DMode":false,"pivot":{"x":2.0858383178710939,"y":2.135725498199463,"z":0.31694674491882326},"rotation":{"x":-0.18262554705142976,"y":0.7683627605438232,"z":-0.25063395500183108,"w":-0.5598709583282471},"size":22.172216415405275,"orthographic":false}