{"cameraMode":{"drawMode":0,"name":"Shaded","section":"Shading Mode"},"sceneLighting":true,"audioPlay":false,"sceneViewState":{"showFog":true,"showMaterialUpdate":false,"showSkybox":false,"showFlares":true,"showImageEffects":true,"showParticleSystems":true},"in2DMode":false,"pivot":{"x":-1.3129534721374512,"y":-0.5186324119567871,"z":1.5862398147583008},"rotation":{"x":-0.05205110087990761,"y":0.6651830077171326,"z":-0.0465683713555336,"w":-0.743427574634552},"size":5.226576805114746,"orthographic":false}