{"cameraMode":{"drawMode":0,"name":"Shaded","section":"Shading Mode"},"sceneLighting":false,"audioPlay":false,"sceneViewState":{"showFog":true,"showMaterialUpdate":false,"showSkybox":false,"showFlares":true,"showImageEffects":true,"showParticleSystems":true},"in2DMode":false,"pivot":{"x":9.01107406616211,"y":-0.6664724349975586,"z":1.2691574096679688},"rotation":{"x":-0.40699219703674319,"y":-0.16752618551254273,"z":0.07620582729578018,"w":-0.894740641117096},"size":20.48278045654297,"orthographic":false}